tick,population,births_total,deaths_total,max_generation,best_metric
50,2,1,0,1,-inf
100,2,1,0,1,-inf
150,2,1,0,1,-inf
200,1,1,1,1,-34.849
250,1,1,2,1,-34.849
300,1,1,2,1,-34.849
350,1,1,3,1,-34.849
400,1,1,3,1,-8.939
450,1,1,4,1,-8.939
500,1,1,4,1,-8.939
550,1,1,4,1,-8.939
600,1,1,4,1,-8.939
650,1,1,4,1,-8.939
700,2,2,5,1,-8.939
750,2,2,5,1,-8.939
800,2,2,5,1,-8.939
850,1,2,7,1,-8.939
900,1,2,7,1,-8.939
950,1,2,7,1,-8.939
1000,1,2,7,1,-8.939
1050,2,3,7,1,-8.939
1100,1,3,9,1,-8.939
1150,1,3,9,1,-8.939
1200,1,3,9,1,-8.939
1250,1,3,10,1,-8.939
1300,1,3,10,1,-8.939
1350,1,3,10,1,-8.939
1400,2,4,11,1,9.065
1450,4,6,11,2,9.065
1500,6,8,11,4,9.065
1550,12,15,12,6,9.065
1600,12,17,14,6,31.723
1650,12,18,15,6,31.723
1700,12,20,17,6,31.723
1750,12,22,19,6,31.723
1800,12,24,21,6,71.417
1850,12,27,24,7,71.417
1900,12,28,25,7,71.417
1950,12,30,27,7,71.417
2000,12,34,31,8,71.417
2050,12,35,32,8,71.417
2100,12,40,37,9,71.417
2150,12,40,37,9,71.417
2200,12,41,38,9,71.417
2250,12,43,40,9,71.417
2300,12,44,41,9,71.417
2350,12,47,44,9,73.85
2400,12,51,48,10,81.889
2450,12,53,50,10,81.889
2500,11,54,52,11,114.889
2550,12,56,53,11,114.889
2600,12,57,54,11,114.889
2650,12,58,55,11,114.889
2700,12,60,57,12,114.889
2750,12,63,60,12,114.889
2800,12,67,64,13,114.889
2850,12,67,64,13,114.889
2900,12,67,64,13,114.889
2950,11,69,67,13,114.889
3000,12,71,68,13,114.889
