lifetime,steps,food_eaten,hazard_hits,total_reward,epsilon
0,297,10,0,3.169,0.6835
1,267,7,0,-9.416,0.6831
2,367,8,0,-10.216,0.6828
3,113,2,19,-8.276,0.6824
4,184,3,0,-31.644,0.6821
5,366,13,0,17.672,0.6817
6,211,4,0,-25.183,0.6814
7,158,3,15,-8.97,0.6811
8,400,12,9,63.456,0.6807
9,400,11,4,17.45,0.6804
10,344,7,0,-9.45,0.68
11,400,16,11,75.406,0.6797
12,400,13,17,60.417,0.6794
13,366,8,0,-28.306,0.679
14,400,11,0,30.461,0.6787
15,288,10,28,20.671,0.6783
16,170,3,7,-22.369,0.678
17,400,14,0,68.45,0.6777
18,229,5,17,5.701,0.6773
19,400,15,29,56.411,0.677
20,400,12,11,18.406,0.6767
21,207,6,0,-15.415,0.6763
22,234,5,7,-16.072,0.676
23,239,4,0,-23.783,0.6756
24,400,20,27,75.417,0.6753
25,269,8,12,9.702,0.675
26,400,18,0,67.411,0.6746
27,395,11,21,30.201,0.6743
28,395,11,3,14.128,0.674
29,236,6,0,-11.997,0.6736
30,400,19,0,103.444,0.6733
31,265,7,19,-20.468,0.6729
32,400,13,6,34.439,0.6726
33,400,14,7,57.417,0.6723
34,382,9,3,-0.479,0.6719
35,184,2,12,-30.599,0.6716
36,400,15,0,85.461,0.6713
37,357,12,0,2.268,0.6709
38,400,11,6,62.472,0.6706
39,170,4,20,-4.347,0.6703
40,279,5,9,-23.765,0.6699
41,208,4,5,-16.37,0.6696
42,372,6,11,-30.989,0.6692
43,134,2,20,-12.166,0.6689
44,400,10,3,28.422,0.6686
45,333,11,19,23.95,0.6682
46,102,4,22,-2.826,0.6679
47,400,12,6,43.394,0.6676
48,400,18,0,86.428,0.6672
49,400,15,6,40.406,0.6669
50,159,2,0,-33.897,0.6666
51,209,3,0,-30.352,0.6662
52,400,10,7,63.461,0.6659
53,370,11,25,12.881,0.6656
54,387,9,0,4.793,0.6652
55,243,5,0,-16.585,0.6649
56,395,8,30,-3.844,0.6646
57,400,11,3,26.406,0.6642
58,399,9,20,35.377,0.6639
59,131,3,11,-16.319,0.6636
60,335,7,3,-15.887,0.6633
61,400,10,3,19.4,0.6629
62,390,11,0,6.923,0.6626
63,174,2,0,-35.132,0.6623
64,253,5,7,-24.069,0.6619
65,197,3,20,-6.959,0.6616
66,139,5,28,-1.933,0.6613
67,204,3,0,-28.602,0.6609
68,400,13,0,51.4,0.6606
69,400,9,9,29.389,0.6603
70,400,10,0,-4.583,0.6599
71,397,9,20,-18.77,0.6596
72,170,2,0,-33.291,0.6593
73,400,9,0,17.439,0.659
74,400,16,3,83.489,0.6586
75,400,12,0,78.417,0.6583
76,178,3,6,-25.966,0.658
77,400,11,9,49.45,0.6576
78,400,11,0,52.433,0.6573
79,351,9,21,1.929,0.657
80,400,9,13,31.361,0.6566
81,353,10,0,6.025,0.6563
82,209,2,0,-31.313,0.656
83,352,10,0,-0.026,0.6557
84,292,9,20,27.848,0.6553
85,400,14,9,61.433,0.655
86,339,8,0,-2.733,0.6547
87,400,12,0,62.439,0.6544
88,400,16,15,61.428,0.654
89,304,7,5,-8.479,0.6537
90,277,7,12,-9.873,0.6534
91,400,15,0,87.456,0.653
92,276,5,0,-18.896,0.6527
93,250,4,5,-14.183,0.6524
94,400,17,7,92.411,0.6521
95,400,9,5,4.406,0.6517
96,400,12,5,-9.544,0.6514
97,400,12,7,67.45,0.6511
98,400,14,0,86.45,0.6508
99,400,17,3,70.428,0.6504
